product_id,name,category_id,division_id,category_name,division_name
21709,Sparkling Lemon Water,115,7,water seltzer sparkling water,beverages
20995,Organic Broccoli Florets,116,1,frozen produce,frozen
33000,Pure Irish Butter,36,16,butter,dairy eggs
7781,Organic Sticks Low Moisture Part Skim Mozzarella String Cheese,21,16,packaged cheese,dairy eggs
47144,Unsweetened Original Almond Breeze Almond Milk,91,16,soy lactosefree,dairy eggs
41220,Organic Romaine Lettuce,83,4,fresh vegetables,produce
41787,Bartlett Pears,24,4,fresh fruits,produce
4210,Whole Milk,84,16,milk,dairy eggs
38689,Organic Reduced Fat Milk,84,16,milk,dairy eggs
42736,Unsalted Butter,36,16,butter,dairy eggs
196,Soda,77,7,soft drinks,beverages
16759,Organic Carrot Bunch,83,4,fresh vegetables,produce
9387,Granny Smith Apples,24,4,fresh fruits,produce
4799,Shredded Parmesan,21,16,packaged cheese,dairy eggs
34358,Garlic,83,4,fresh vegetables,produce
23909,2% Reduced Fat Milk,84,16,milk,dairy eggs
43122,Organic Bartlett Pear,24,4,fresh fruits,produce
3957,100% Raw Coconut Water,31,7,refrigerated,beverages
27156,Organic Black Beans,59,15,canned meals beans,canned goods
9839,Organic Broccoli,83,4,fresh vegetables,produce
46906,Grape White/Green Seedless,24,4,fresh fruits,produce
15290,Orange Bell Pepper,83,4,fresh vegetables,produce
28199,Clementines Bag,123,4,packaged vegetables fruits,produce
18465,Organic Grade A Free Range Large Brown Eggs,86,16,eggs,dairy eggs
29487,Roma Tomato,83,4,fresh vegetables,produce
11520,Large Alfresco Eggs,86,16,eggs,dairy eggs
27344,Uncured Genoa Salami,96,20,lunch meat,deli
8424,Broccoli Crown,83,4,fresh vegetables,produce
20114,Jalapeno Peppers,83,4,fresh vegetables,produce
8174,Organic Navel Orange,24,4,fresh fruits,produce
33198,Sparkling Natural Mineral Water,115,7,water seltzer sparkling water,beverages
44142,Red Onion,83,4,fresh vegetables,produce
27521,Organic Lacinato (Dinosaur) Kale,83,4,fresh vegetables,produce
33731,Grated Parmesan,21,16,packaged cheese,dairy eggs
28842,Bunched Cilantro,16,4,fresh herbs,produce
35221,Lime Sparkling Water,115,7,water seltzer sparkling water,beverages
5785,Organic Reduced Fat 2% Milk,84,16,milk,dairy eggs
22825,Organic D'Anjou Pears,24,4,fresh fruits,produce
5450,Small Hass Avocado,24,4,fresh fruits,produce
24838,Unsweetened Almondmilk,91,16,soy lactosefree,dairy eggs
39928,Organic Kiwi,24,4,fresh fruits,produce
12341,Hass Avocados,32,4,packaged produce,produce
31506,Extra Virgin Olive Oil,19,13,oils vinegars,pantry
25890,Boneless Skinless Chicken Breasts,49,12,packaged poultry,meat seafood
48679,Organic Garnet Sweet Potato (Yam),83,4,fresh vegetables,produce
46667,Organic Ginger Root,83,4,fresh vegetables,produce
34969,Red Vine Tomato,83,4,fresh vegetables,produce
24184,Red Peppers,83,4,fresh vegetables,produce
43961,Organic Peeled Whole Baby Carrots,123,4,packaged vegetables fruits,produce
21938,Green Bell Pepper,83,4,fresh vegetables,produce
9076,Blueberries,116,1,frozen produce,frozen
19660,Spring Water,115,7,water seltzer sparkling water,beverages
10749,Organic Red Bell Pepper,83,4,fresh vegetables,produce
43352,Raspberries,32,4,packaged produce,produce
35951,Organic Unsweetened Almond Milk,91,16,soy lactosefree,dairy eggs
39877,Organic Granny Smith Apple,24,4,fresh fruits,produce
22035,Organic Whole String Cheese,21,16,packaged cheese,dairy eggs
34126,Organic Italian Parsley Bunch,16,4,fresh herbs,produce
5077,100% Whole Wheat Bread,112,3,bread,bakery
26604,Organic Blackberries,24,4,fresh fruits,produce
41950,Organic Tomato Cluster,83,4,fresh vegetables,produce
8518,Organic Red Onion,83,4,fresh vegetables,produce
46979,Asparagus,83,4,fresh vegetables,produce
28985,Michigan Organic Kale,83,4,fresh vegetables,produce
44359,Organic Small Bunch Celery,83,4,fresh vegetables,produce
27086,Half & Half,53,16,cream,dairy eggs
31717,Organic Cilantro,16,4,fresh herbs,produce
30489,Original Hummus,67,20,fresh dips tapenades,deli
27104,Fresh Cauliflower,83,4,fresh vegetables,produce
17794,Carrots,83,4,fresh vegetables,produce
21616,Organic Baby Arugula,123,4,packaged vegetables fruits,produce
37646,Organic Gala Apples,24,4,fresh fruits,produce
4605,Yellow Onions,83,4,fresh vegetables,produce
19057,Organic Large Extra Fancy Fuji Apple,24,4,fresh fruits,produce
44632,Sparkling Water Grapefruit,115,7,water seltzer sparkling water,beverages
49235,Organic Half & Half,53,16,cream,dairy eggs
42265,Organic Baby Carrots,123,4,packaged vegetables fruits,produce
45066,Honeycrisp Apple,24,4,fresh fruits,produce
30391,Organic Cucumber,83,4,fresh vegetables,produce
4920,Seedless Red Grapes,123,4,packaged vegetables fruits,produce
40706,Organic Grape Tomatoes,123,4,packaged vegetables fruits,produce
8277,Apple Honeycrisp Organic,24,4,fresh fruits,produce
5876,Organic Lemon,24,4,fresh fruits,produce
28204,Organic Fuji Apple,24,4,fresh fruits,produce
49683,Cucumber Kirby,83,4,fresh vegetables,produce
39275,Organic Blueberries,123,4,packaged vegetables fruits,produce
45007,Organic Zucchini,83,4,fresh vegetables,produce
24964,Organic Garlic,83,4,fresh vegetables,produce
22935,Organic Yellow Onion,83,4,fresh vegetables,produce
27966,Organic Raspberries,123,4,packaged vegetables fruits,produce
27845,Organic Whole Milk,84,16,milk,dairy eggs
26209,Limes,24,4,fresh fruits,produce
16797,Strawberries,24,4,fresh fruits,produce
47626,Large Lemon,24,4,fresh fruits,produce
47766,Organic Avocado,24,4,fresh fruits,produce
47209,Organic Hass Avocado,24,4,fresh fruits,produce
21903,Organic Baby Spinach,123,4,packaged vegetables fruits,produce
21137,Organic Strawberries,24,4,fresh fruits,produce
13176,Bag of Organic Bananas,24,4,fresh fruits,produce
24852,Banana,24,4,fresh fruits,produce
